StartDate,EndDate,Status,IPAddress,Progress,Duration (in seconds),Finished,RecordedDate,ResponseId,RecipientLastName,RecipientFirstName,RecipientEmail,ExternalReference,LocationLatitude,LocationLongitude,DistributionChannel,UserLanguage,Q2,Q3,Q4,Q5,Q6,Q7,Q7_4_TEXT,Q8,Q9,Q10,Q11,Q12,Q13,Q14,Q14_6_TEXT,Q15,Q15_3_TEXT,Q15_5_TEXT,Q15_4_TEXT,Q15_2_TEXT,Q15_1_TEXT,Q15_6_TEXT,Q17,Q18,Q18_8_TEXT,Q19,Q20,Q21,Q22,Q23_1,Q23_2,Q23_3,Q24_1,Q24_2,Q25,Q26_1,Q26_2,Q26_3,Q26_4,Q26_5,Q26_6,Q27_1,Q27_2,Q27_3,Q27_4,Q27_5,Q27_6,Q28,Q29,Q30,Q31,Q32,Q33,Q34_1,Q34_2,Q34_3,Q34_4,Q35_1,Q35_2,Q35_3,Q35_4,Q35_5,Q35_6,Q35_7,Q35_8,Q36_1,Q36_2,Q36_3,Q36_4,Q36_5,Q36_6,Q36_7,Q36_8,Q37_1,Q37_2,Q37_3,Q37_4,Q37_5,Q37_6,Q37_7,Q37_8,Q38_1,Q38_2,Q38_3,Q38_4,Q38_5,Q38_6,Q38_7,Q38_8,Q39_1,Q39_2,Q39_3,Q39_4,Q39_5,Q40_1,Q40_2,Q40_3,Q40_4,Q40_5,Q41,Q42,Q43,Q44,Q45,Q46,Q47_1,Q47_2,Q47_3,Q47_4,Q47_5,Q48_1,Q48_2,Q49,Q50,Q51,Q52_1,Q52_2,Q52_3,Q52_4,Q52_5,Q52_6,Q52_7,Q52_8,Q53,Q53_7_TEXT
Start Date,End Date,Response Type,IP Address,Progress,Duration (in seconds),Finished,Recorded Date,Response ID,Recipient Last Name,Recipient First Name,Recipient Email,External Data Reference,Location Latitude,Location Longitude,Distribution Channel,User Language,Consent Form,Are you 18 years of age or older?,"Are you able to read, speak, and write in English?",Have you graduated from a master's program in speech-language pathology (SLP)?,What is your gender identity?,What type of master's program did you attend? - Selected Choice,What type of master's program did you attend? - Other (please specify) - Text,In which U.S. State did you earn your master's degree in SLP?,Year of Graduation from SLP master's program,Are you currently a clinical fellow (CF)?,Do you have ASHA certification?,How many years have you been practicing as a licensed SLP?,What populations do you have experience working with? (Check all that apply),Which setting(s) have you worked in during graduate school? (Check all that apply) - Selected Choice,Which setting(s) have you worked in during graduate school? (Check all that apply) - Other (please specify) - Text,Which setting(s) do you currently work in? (Check all that apply and specify the duration for each setting) - Selected Choice,Which setting(s) do you currently work in? (Check all that apply and specify the duration for each setting) - Hospital - Text,Which setting(s) do you currently work in? (Check all that apply and specify the duration for each setting) - Outpatient Clinic - Text,Which setting(s) do you currently work in? (Check all that apply and specify the duration for each setting) - Private practice - Text,Which setting(s) do you currently work in? (Check all that apply and specify the duration for each setting) - School - Text,Which setting(s) do you currently work in? (Check all that apply and specify the duration for each setting) - Skilled Nursing Facility - Text,Which setting(s) do you currently work in? (Check all that apply and specify the duration for each setting) - Other (please specify) - Text,"What is your current employment status at your primary place of employment? (If you work in more than one setting, please answer based on where you spend the majority of your time.)","Since graduating, have you completed any continuing education (CEU) courses in the following areas? (Check all that apply) - Selected Choice","Since graduating, have you completed any continuing education (CEU) courses in the following areas? (Check all that apply) - Other (please specify) - Text",Did you complete graduate coursework specifically on neurogenic disorders?,Approximately how many clinical hours during your graduate clinical practicum have you spent with individuals with neurodegenerative diseases??,How familiar are you with Huntington’s disease (HD)?,How important do you feel it is for SLPs to understand the progression of communication decline in individuals with HD?,How important do you feel it is for SLPs to address the following aspects of swallowing in individuals with Huntington’s Disease? - Discussing swallowing management,How important do you feel it is for SLPs to address the following aspects of swallowing in individuals with Huntington’s Disease? - Addressing quality of life related to swallowing,How important do you feel it is for SLPs to address the following aspects of swallowing in individuals with Huntington’s Disease? - Including a risk-benefit analysis in management discussions,"How important do you feel it is for SLPs to address the following aspects of emotional and psychosocial care for individuals with Huntington’s Disease? - Providing counseling (e.g., offering emotional support related to communication or swallowing difficulties)","How important do you feel it is for SLPs to address the following aspects of emotional and psychosocial care for individuals with Huntington’s Disease? - Providing psychosocial support (e.g., facilitating coping strategies, referrals, or support group resources)",How important do you feel it is for SLPs to receive specific training on HD during graduate education?,"During graduate school, how frequently did you do the following with individuals with HD? - Observed patients with HD","During graduate school, how frequently did you do the following with individuals with HD? - Conducted speech-language evaluations","During graduate school, how frequently did you do the following with individuals with HD? - Conducted swallowing evaluations","During graduate school, how frequently did you do the following with individuals with HD? - Conducted quality of life (QOL) evaluations","During graduate school, how frequently did you do the following with individuals with HD? - Provided speech-language treatment","During graduate school, how frequently did you do the following with individuals with HD? - Provided swallowing treatment","After graduate school, how frequently have you done the following with individuals with HD? - Observed patients with HD","After graduate school, how frequently have you done the following with individuals with HD? - Conducted speech-language evaluations","After graduate school, how frequently have you done the following with individuals with HD? - Conducted swallowing evaluations","After graduate school, how frequently have you done the following with individuals with HD? - Conducted quality of life (QOL) evaluations","After graduate school, how frequently have you done the following with individuals with HD? - Provided speech-language treatment","After graduate school, how frequently have you done the following with individuals with HD? - Provided swallowing treatment","During graduate school, how familiar were you with how a HD diagnosis can affect a person's psychological well-being?","Currently, are you familiar with how a HD diagnosis can affect a person's psychological well-being?","During graduate school, how familiar were you with how a HD diagnosis can affect a person's social well-being?","Currently, are you familiar with how a HD diagnosis can affect a person's social well-being?",To what extent were neurodegenerative diseases covered in your academic curriculum?,To what extent did your graduate coursework include information specifically related to HD?,To what extent did your graduate coursework prepare you to address the following needs of individuals with HD? - Communication needs,To what extent did your graduate coursework prepare you to address the following needs of individuals with HD? - Swallowing needs,To what extent did your graduate coursework prepare you to address the following needs of individuals with HD? - Psychological needs,To what extent did your graduate coursework prepare you to address the following needs of individuals with HD? - Social needs,"During your graduate training, how comfortable did you feel evaluating the following communication challenges that may be present in individuals with HD? - Slurred speech (dysarthria)","During your graduate training, how comfortable did you feel evaluating the following communication challenges that may be present in individuals with HD? - Strained/harsh voice quality","During your graduate training, how comfortable did you feel evaluating the following communication challenges that may be present in individuals with HD? - Reduced speech intelligibility","During your graduate training, how comfortable did you feel evaluating the following communication challenges that may be present in individuals with HD? - Irregular speech rate","During your graduate training, how comfortable did you feel evaluating the following communication challenges that may be present in individuals with HD? - Decreased vocal loudness","During your graduate training, how comfortable did you feel evaluating the following communication challenges that may be present in individuals with HD? - Difficulty initiating speech","During your graduate training, how comfortable did you feel evaluating the following communication challenges that may be present in individuals with HD? - Word-finding difficulties","During your graduate training, how comfortable did you feel evaluating the following communication challenges that may be present in individuals with HD? - Memory-related communication breakdowns","Currently, how comfortable do you feel evaluating the following communication challenges that may be present in individuals with HD? - Slurred speech (dysarthria)","Currently, how comfortable do you feel evaluating the following communication challenges that may be present in individuals with HD? - Strained/harsh voice quality","Currently, how comfortable do you feel evaluating the following communication challenges that may be present in individuals with HD? - Reduced speech intelligibility","Currently, how comfortable do you feel evaluating the following communication challenges that may be present in individuals with HD? - Irregular speech rate","Currently, how comfortable do you feel evaluating the following communication challenges that may be present in individuals with HD? - Decreased vocal loudness","Currently, how comfortable do you feel evaluating the following communication challenges that may be present in individuals with HD? - Difficulty initiating speech","Currently, how comfortable do you feel evaluating the following communication challenges that may be present in individuals with HD? - Word-finding difficulties","Currently, how comfortable do you feel evaluating the following communication challenges that may be present in individuals with HD? - Memory-related communication breakdowns","During your graduate training, how comfortable did you feel treating the following communication challenges that may be present in individuals with HD? - Slurred speech (dysarthria)","During your graduate training, how comfortable did you feel treating the following communication challenges that may be present in individuals with HD? - Strained/harsh voice quality","During your graduate training, how comfortable did you feel treating the following communication challenges that may be present in individuals with HD? - Reduced speech intelligibility","During your graduate training, how comfortable did you feel treating the following communication challenges that may be present in individuals with HD? - Irregular speech rate","During your graduate training, how comfortable did you feel treating the following communication challenges that may be present in individuals with HD? - Decreased vocal loudness","During your graduate training, how comfortable did you feel treating the following communication challenges that may be present in individuals with HD? - Difficulty initiating speech","During your graduate training, how comfortable did you feel treating the following communication challenges that may be present in individuals with HD? - Word-finding difficulties","During your graduate training, how comfortable did you feel treating the following communication challenges that may be present in individuals with HD? - Memory-related communication breakdowns","Currently, how comfortable do you feel treating the following communication challenges that may be present in individuals with HD? - Slurred speech (dysarthria)","Currently, how comfortable do you feel treating the following communication challenges that may be present in individuals with HD? - Strained/harsh voice quality","Currently, how comfortable do you feel treating the following communication challenges that may be present in individuals with HD? - Reduced speech intelligibility","Currently, how comfortable do you feel treating the following communication challenges that may be present in individuals with HD? - Irregular speech rate","Currently, how comfortable do you feel treating the following communication challenges that may be present in individuals with HD? - Decreased vocal loudness","Currently, how comfortable do you feel treating the following communication challenges that may be present in individuals with HD? - Difficulty initiating speech","Currently, how comfortable do you feel treating the following communication challenges that may be present in individuals with HD? - Word-finding difficulties","Currently, how comfortable do you feel treating the following communication challenges that may be present in individuals with HD? - Memory-related communication breakdowns","During graduate school, how comfortable did you feel addressing the following psychosocial challenges experienced by individuals with HD? - Social withdrawal related to communication challenges","During graduate school, how comfortable did you feel addressing the following psychosocial challenges experienced by individuals with HD? - Counseling patients around emotional changes related to disease progression","During graduate school, how comfortable did you feel addressing the following psychosocial challenges experienced by individuals with HD? - Educating caregivers on how to support communication","During graduate school, how comfortable did you feel addressing the following psychosocial challenges experienced by individuals with HD? - Helping patients maintain identity and autonomy through communication","During graduate school, how comfortable did you feel addressing the following psychosocial challenges experienced by individuals with HD? - Supporting families through emotional changes (e.g., apathy, irritability)","Currently, how comfortable do you feel addressing the following psychosocial challenges experienced by individuals with HD? - Social withdrawal related to communication challenges","Currently, how comfortable do you feel addressing the following psychosocial challenges experienced by individuals with HD? - Counseling patients around emotional changes related to disease progression","Currently, how comfortable do you feel addressing the following psychosocial challenges experienced by individuals with HD? - Educating caregivers on how to support communication","Currently, how comfortable do you feel addressing the following psychosocial challenges experienced by individuals with HD? - Helping patients maintain identity and autonomy through communication","Currently, how comfortable do you feel addressing the following psychosocial challenges experienced by individuals with HD? - Supporting families through emotional changes (e.g., apathy, irritability)","Entering the field, how prepared did you feel to describe the progression of communication symptoms across stages of HD?","Entering the field, how confident did you feel in managing communication difficulties associated with HD?","Entering the field, how confident did you feel in managing swallowing difficulties associated with HD?","Entering the field, how confident did you feel in your ability to address the psychosocial aspects (e.g., counseling, caregiver education) of care for individuals with HD",To what extent do you agree with the following statement: Patient autonomy should be prioritized when making decisions about swallowing safety.,To what extent do you agree with the following statement: Preventing aspiration should be prioritized when making decisions about swallowing safety.,How confident do you feel making recommendations in the following areas for people living with HD? - Augmentative and alternative (AAC) strategies for late-stage HD,How confident do you feel making recommendations in the following areas for people living with HD? - Cognitive-communication therapy approaches,How confident do you feel making recommendations in the following areas for people living with HD? - Collaboration with interdisciplinary team members to inform care planning,How confident do you feel making recommendations in the following areas for people living with HD? - Referrals to counseling or mental health services for psychosocial concern,How confident do you feel making recommendations in the following areas for people living with HD? - Swallowing/dysphagia management,How comfortable are you with initiating the following types of conversations with families of individuals with Huntington’s Disease? - Discussing communication decline,How comfortable are you with initiating the following types of conversations with families of individuals with Huntington’s Disease? - Discussing long-term planning,I would have benefited from more education or training about HD during my graduate program.,"During your graduate clinical training, how often were you provided opportunities to work with other disciplines on cases involving progressive neurological conditions?","How well did your training prepare you to work with an interdisciplinary team (e.g., PT, OT, neurologist) in managing the needs of a person with HD?",How confident are you in collaborating with the following professionals regarding the management of - Dietician,How confident are you in collaborating with the following professionals regarding the management of - Genetic Counselor,How confident are you in collaborating with the following professionals regarding the management of - Neurologist,How confident are you in collaborating with the following professionals regarding the management of - Nurse,How confident are you in collaborating with the following professionals regarding the management of - Occupational Therapist (OT),How confident are you in collaborating with the following professionals regarding the management of - Physical Therapist (PT),How confident are you in collaborating with the following professionals regarding the management of - Psychologist,How confident are you in collaborating with the following professionals regarding the management of - Social Worker,What resources would help you feel more prepared to serve this population? (Check all that apply) - Selected Choice,What resources would help you feel more prepared to serve this population? (Check all that apply) - Other (please specify) - Text
"{""ImportId"":""startDate"",""timeZone"":""America/Denver""}","{""ImportId"":""endDate"",""timeZone"":""America/Denver""}","{""ImportId"":""status""}","{""ImportId"":""ipAddress""}","{""ImportId"":""progress""}","{""ImportId"":""duration""}","{""ImportId"":""finished""}","{""ImportId"":""recordedDate"",""timeZone"":""America/Denver""}","{""ImportId"":""_recordId""}","{""ImportId"":""recipientLastName""}","{""ImportId"":""recipientFirstName""}","{""ImportId"":""recipientEmail""}","{""ImportId"":""externalDataReference""}","{""ImportId"":""locationLatitude""}","{""ImportId"":""locationLongitude""}","{""ImportId"":""distributionChannel""}","{""ImportId"":""userLanguage""}","{""ImportId"":""QID38""}","{""ImportId"":""QID39""}","{""ImportId"":""QID42""}","{""ImportId"":""QID44""}","{""ImportId"":""QID1""}","{""ImportId"":""QID52""}","{""ImportId"":""QID52_4_TEXT""}","{""ImportId"":""QID46_TEXT""}","{""ImportId"":""QID4_TEXT""}","{""ImportId"":""QID74""}","{""ImportId"":""QID73""}","{""ImportId"":""QID6_TEXT""}","{""ImportId"":""QID8""}","{""ImportId"":""QID7""}","{""ImportId"":""QID7_6_TEXT""}","{""ImportId"":""QID76""}","{""ImportId"":""QID76_3_TEXT""}","{""ImportId"":""QID76_5_TEXT""}","{""ImportId"":""QID76_4_TEXT""}","{""ImportId"":""QID76_2_TEXT""}","{""ImportId"":""QID76_1_TEXT""}","{""ImportId"":""QID76_6_TEXT""}","{""ImportId"":""QID80""}","{""ImportId"":""QID78""}","{""ImportId"":""QID78_8_TEXT""}","{""ImportId"":""QID64""}","{""ImportId"":""QID65""}","{""ImportId"":""QID11""}","{""ImportId"":""QID89""}","{""ImportId"":""QID90_6""}","{""ImportId"":""QID90_7""}","{""ImportId"":""QID90_8""}","{""ImportId"":""QID91_1""}","{""ImportId"":""QID91_2""}","{""ImportId"":""QID92""}","{""ImportId"":""QID14_1""}","{""ImportId"":""QID14_2""}","{""ImportId"":""QID14_3""}","{""ImportId"":""QID14_4""}","{""ImportId"":""QID14_5""}","{""ImportId"":""QID14_6""}","{""ImportId"":""QID84_1""}","{""ImportId"":""QID84_2""}","{""ImportId"":""QID84_3""}","{""ImportId"":""QID84_4""}","{""ImportId"":""QID84_5""}","{""ImportId"":""QID84_6""}","{""ImportId"":""QID25""}","{""ImportId"":""QID83""}","{""ImportId"":""QID26""}","{""ImportId"":""QID27""}","{""ImportId"":""QID37""}","{""ImportId"":""QID36""}","{""ImportId"":""QID28_1""}","{""ImportId"":""QID28_2""}","{""ImportId"":""QID28_3""}","{""ImportId"":""QID28_4""}","{""ImportId"":""QID66_1""}","{""ImportId"":""QID66_2""}","{""ImportId"":""QID66_3""}","{""ImportId"":""QID66_4""}","{""ImportId"":""QID66_5""}","{""ImportId"":""QID66_6""}","{""ImportId"":""QID66_7""}","{""ImportId"":""QID66_8""}","{""ImportId"":""QID85_1""}","{""ImportId"":""QID85_2""}","{""ImportId"":""QID85_3""}","{""ImportId"":""QID85_4""}","{""ImportId"":""QID85_5""}","{""ImportId"":""QID85_6""}","{""ImportId"":""QID85_7""}","{""ImportId"":""QID85_8""}","{""ImportId"":""QID86_1""}","{""ImportId"":""QID86_2""}","{""ImportId"":""QID86_3""}","{""ImportId"":""QID86_4""}","{""ImportId"":""QID86_5""}","{""ImportId"":""QID86_6""}","{""ImportId"":""QID86_7""}","{""ImportId"":""QID86_8""}","{""ImportId"":""QID87_1""}","{""ImportId"":""QID87_2""}","{""ImportId"":""QID87_3""}","{""ImportId"":""QID87_4""}","{""ImportId"":""QID87_5""}","{""ImportId"":""QID87_6""}","{""ImportId"":""QID87_7""}","{""ImportId"":""QID87_8""}","{""ImportId"":""QID70_1""}","{""ImportId"":""QID70_2""}","{""ImportId"":""QID70_3""}","{""ImportId"":""QID70_4""}","{""ImportId"":""QID70_5""}","{""ImportId"":""QID88_1""}","{""ImportId"":""QID88_2""}","{""ImportId"":""QID88_3""}","{""ImportId"":""QID88_4""}","{""ImportId"":""QID88_5""}","{""ImportId"":""QID35""}","{""ImportId"":""QID34""}","{""ImportId"":""QID47""}","{""ImportId"":""QID48""}","{""ImportId"":""QID81""}","{""ImportId"":""QID82""}","{""ImportId"":""QID79_3""}","{""ImportId"":""QID79_2""}","{""ImportId"":""QID79_5""}","{""ImportId"":""QID79_4""}","{""ImportId"":""QID79_1""}","{""ImportId"":""QID49_1""}","{""ImportId"":""QID49_2""}","{""ImportId"":""QID53""}","{""ImportId"":""QID54""}","{""ImportId"":""QID55""}","{""ImportId"":""QID56_8""}","{""ImportId"":""QID56_7""}","{""ImportId"":""QID56_3""}","{""ImportId"":""QID56_6""}","{""ImportId"":""QID56_2""}","{""ImportId"":""QID56_1""}","{""ImportId"":""QID56_5""}","{""ImportId"":""QID56_4""}","{""ImportId"":""QID60""}","{""ImportId"":""QID60_7_TEXT""}"
2025-05-14 14:02:07,2025-05-14 14:02:07,1,,100,0,1,2025-05-14 14:02:07,R_6nOYMgmQUEKDTy8,,,,,40.8018,-72.8675,preview,EN,,,,,,,,,,,,,,,,,,,,,,,,,,,,,,,,,,,,,,,,,,,,,,,,,,,,,,,,,,,,,,,,,,,,,,,,,,,,,,,,,,,,,,,,,,,,,,,,,,,,,,,,,,,,,,,,,,,,,,,,,,,,,
2025-05-14 14:02:17,2025-05-14 14:02:17,1,,100,0,1,2025-05-14 14:02:17,R_6UCDIf7gX9ea8lH,,,,,40.8018,-72.8675,preview,EN,,,,,,,,,,,,,,,,,,,,,,,,,,,,,,,,,,,,,,,,,,,,,,,,,,,,,,,,,,,,,,,,,,,,,,,,,,,,,,,,,,,,,,,,,,,,,,,,,,,,,,,,,,,,,,,,,,,,,,,,,,,,,
2025-05-14 14:02:26,2025-05-14 14:02:26,1,,100,0,1,2025-05-14 14:02:26,R_6r2utJ2cXFfIXSZ,,,,,40.8018,-72.8675,preview,EN,,,,,,,,,,,,,,,,,,,,,,,,,,,,,,,,,,,,,,,,,,,,,,,,,,,,,,,,,,,,,,,,,,,,,,,,,,,,,,,,,,,,,,,,,,,,,,,,,,,,,,,,,,,,,,,,,,,,,,,,,,,,,
2025-05-14 14:02:34,2025-05-14 14:02:34,1,,100,0,1,2025-05-14 14:02:35,R_6P7KUFNT7YFlL5d,,,,,40.8018,-72.8675,preview,EN,,,,,,,,,,,,,,,,,,,,,,,,,,,,,,,,,,,,,,,,,,,,,,,,,,,,,,,,,,,,,,,,,,,,,,,,,,,,,,,,,,,,,,,,,,,,,,,,,,,,,,,,,,,,,,,,,,,,,,,,,,,,,
2025-05-14 14:04:42,2025-05-14 14:04:42,1,,100,0,1,2025-05-14 14:04:42,R_6D7kcKeGRGm18D7,,,,,40.8018,-72.8675,preview,EN,,,,,,,,,,,,,,,,,,,,,,,,,,,,,,,,,,,,,,,,,,,,,,,,,,,,,,,,,,,,,,,,,,,,,,,,,,,,,,,,,,,,,,,,,,,,,,,,,,,,,,,,,,,,,,,,,,,,,,,,,,,,,
2025-05-14 14:04:49,2025-05-14 14:04:49,1,,100,0,1,2025-05-14 14:04:49,R_607woCxT3fIRzzN,,,,,40.8018,-72.8675,preview,EN,,,,,,,,,,,,,,,,,,,,,,,,,,,,,,,,,,,,,,,,,,,,,,,,,,,,,,,,,,,,,,,,,,,,,,,,,,,,,,,,,,,,,,,,,,,,,,,,,,,,,,,,,,,,,,,,,,,,,,,,,,,,,
2025-05-14 14:04:51,2025-05-14 14:04:51,1,,100,0,1,2025-05-14 14:04:52,R_6O3bH0kxZbij66t,,,,,40.8018,-72.8675,preview,EN,,,,,,,,,,,,,,,,,,,,,,,,,,,,,,,,,,,,,,,,,,,,,,,,,,,,,,,,,,,,,,,,,,,,,,,,,,,,,,,,,,,,,,,,,,,,,,,,,,,,,,,,,,,,,,,,,,,,,,,,,,,,,
2025-05-14 14:06:06,2025-05-14 14:06:06,1,,100,0,1,2025-05-14 14:06:07,R_6Qg5cGJfNO4kH3x,,,,,40.8018,-72.8675,preview,EN,,,,,,,,,,,,,,,,,,,,,,,,,,,,,,,,,,,,,,,,,,,,,,,,,,,,,,,,,,,,,,,,,,,,,,,,,,,,,,,,,,,,,,,,,,,,,,,,,,,,,,,,,,,,,,,,,,,,,,,,,,,,,
2025-05-14 14:13:04,2025-05-14 14:13:04,1,,100,0,1,2025-05-14 14:13:04,R_64kEfvUIRJ3uT1o,,,,,40.8018,-72.8675,preview,EN,,,,,,,,,,,,,,,,,,,,,,,,,,,,,,,,,,,,,,,,,,,,,,,,,,,,,,,,,,,,,,,,,,,,,,,,,,,,,,,,,,,,,,,,,,,,,,,,,,,,,,,,,,,,,,,,,,,,,,,,,,,,,
2025-05-14 14:13:08,2025-05-14 14:13:08,1,,100,0,1,2025-05-14 14:13:09,R_66U1Oo9rCso92IF,,,,,40.8018,-72.8675,preview,EN,,,,,,,,,,,,,,,,,,,,,,,,,,,,,,,,,,,,,,,,,,,,,,,,,,,,,,,,,,,,,,,,,,,,,,,,,,,,,,,,,,,,,,,,,,,,,,,,,,,,,,,,,,,,,,,,,,,,,,,,,,,,,
2025-05-14 14:31:09,2025-05-14 14:31:26,1,,100,16,1,2025-05-14 14:31:26,R_6FwZYNu0q6Jr124,,,,,40.8018,-72.8675,preview,EN,2,2,2,2,,,,,,,,,,,,,,,,,,,,,,,,,,,,,,,,,,,,,,,,,,,,,,,,,,,,,,,,,,,,,,,,,,,,,,,,,,,,,,,,,,,,,,,,,,,,,,,,,,,,,,,,,,,,,,,,,,,,,,,,,
2025-05-14 14:35:01,2025-05-14 14:35:45,1,,100,44,1,2025-05-14 14:35:46,R_6y7NGNu4z4pfWhn,,,,,40.8018,-72.8675,preview,EN,2,2,2,2,,,,,,,,,,,,,,,,,,,,,,,,,,,,,,,,,,,,,,,,,,,,,,,,,,,,,,,,,,,,,,,,,,,,,,,,,,,,,,,,,,,,,,,,,,,,,,,,,,,,,,,,,,,,,,,,,,,,,,,,,
2025-05-14 14:41:29,2025-05-14 14:41:39,1,,100,9,1,2025-05-14 14:41:40,R_6xCQQw5Ws3UYIs0,,,,,40.8018,-72.8675,preview,EN,2,,,,,,,,,,,,,,,,,,,,,,,,,,,,,,,,,,,,,,,,,,,,,,,,,,,,,,,,,,,,,,,,,,,,,,,,,,,,,,,,,,,,,,,,,,,,,,,,,,,,,,,,,,,,,,,,,,,,,,,,,,,,
2025-05-14 14:41:50,2025-05-14 14:41:57,1,,100,7,1,2025-05-14 14:41:58,R_6cefshY2D2PZAtP,,,,,40.8018,-72.8675,preview,EN,2,,,,,,,,,,,,,,,,,,,,,,,,,,,,,,,,,,,,,,,,,,,,,,,,,,,,,,,,,,,,,,,,,,,,,,,,,,,,,,,,,,,,,,,,,,,,,,,,,,,,,,,,,,,,,,,,,,,,,,,,,,,,
2025-05-14 14:42:00,2025-05-14 14:42:11,1,,100,10,1,2025-05-14 14:42:12,R_6mPGLVKK4ZxeqdG,,,,,40.8018,-72.8675,preview,EN,1,2,,,,,,,,,,,,,,,,,,,,,,,,,,,,,,,,,,,,,,,,,,,,,,,,,,,,,,,,,,,,,,,,,,,,,,,,,,,,,,,,,,,,,,,,,,,,,,,,,,,,,,,,,,,,,,,,,,,,,,,,,,,
2025-05-14 14:42:15,2025-05-14 14:42:24,1,,100,9,1,2025-05-14 14:42:25,R_6YuiwnVSr7zGuKR,,,,,40.8018,-72.8675,preview,EN,1,1,2,,,,,,,,,,,,,,,,,,,,,,,,,,,,,,,,,,,,,,,,,,,,,,,,,,,,,,,,,,,,,,,,,,,,,,,,,,,,,,,,,,,,,,,,,,,,,,,,,,,,,,,,,,,,,,,,,,,,,,,,,,
2025-05-14 14:42:31,2025-05-14 14:42:45,1,,100,13,1,2025-05-14 14:42:46,R_6yMnGnxt5RqDj33,,,,,40.8018,-72.8675,preview,EN,1,1,1,2,,,,,,,,,,,,,,,,,,,,,,,,,,,,,,,,,,,,,,,,,,,,,,,,,,,,,,,,,,,,,,,,,,,,,,,,,,,,,,,,,,,,,,,,,,,,,,,,,,,,,,,,,,,,,,,,,,,,,,,,,
2025-05-14 14:42:49,2025-05-14 14:43:01,1,,100,11,1,2025-05-14 14:43:01,R_6ypw1BgX1XWQMqB,,,,,40.8018,-72.8675,preview,EN,1,1,1,1,,,,,,,,,,,,,,,,,,,,,,,,,,,,,,,,,,,,,,,,,,,,,,,,,,,,,,,,,,,,,,,,,,,,,,,,,,,,,,,,,,,,,,,,,,,,,,,,,,,,,,,,,,,,,,,,,,,,,,,,,
2025-05-14 14:48:55,2025-05-14 14:49:12,1,,100,16,1,2025-05-14 14:49:12,R_6tccWHJKSVTxAvw,,,,,40.8018,-72.8675,preview,EN,2,,,,,,,,,,,,,,,,,,,,,,,,,,,,,,,,,,,,,,,,,,,,,,,,,,,,,,,,,,,,,,,,,,,,,,,,,,,,,,,,,,,,,,,,,,,,,,,,,,,,,,,,,,,,,,,,,,,,,,,,,,,,
2025-05-14 14:49:14,2025-05-14 14:49:22,1,,100,7,1,2025-05-14 14:49:22,R_6uLGmuCbIQrRSff,,,,,40.8018,-72.8675,preview,EN,1,2,,,,,,,,,,,,,,,,,,,,,,,,,,,,,,,,,,,,,,,,,,,,,,,,,,,,,,,,,,,,,,,,,,,,,,,,,,,,,,,,,,,,,,,,,,,,,,,,,,,,,,,,,,,,,,,,,,,,,,,,,,,
2025-05-14 14:52:33,2025-05-14 14:52:40,1,,100,7,1,2025-05-14 14:52:41,R_62KSJNYStqBQMhh,,,,,40.8018,-72.8675,preview,EN,2,,,,,,,,,,,,,,,,,,,,,,,,,,,,,,,,,,,,,,,,,,,,,,,,,,,,,,,,,,,,,,,,,,,,,,,,,,,,,,,,,,,,,,,,,,,,,,,,,,,,,,,,,,,,,,,,,,,,,,,,,,,,
2025-05-14 14:53:14,2025-05-14 14:53:21,1,,100,6,1,2025-05-14 14:53:21,R_6EgJT65H2TQBMkG,,,,,40.7616,-72.8508,preview,EN,2,,,,,,,,,,,,,,,,,,,,,,,,,,,,,,,,,,,,,,,,,,,,,,,,,,,,,,,,,,,,,,,,,,,,,,,,,,,,,,,,,,,,,,,,,,,,,,,,,,,,,,,,,,,,,,,,,,,,,,,,,,,,
2025-05-14 14:53:18,2025-05-14 14:53:23,1,,100,5,1,2025-05-14 14:53:24,R_6DuCXtZznz90WOt,,,,,40.8018,-72.8675,preview,EN,2,,,,,,,,,,,,,,,,,,,,,,,,,,,,,,,,,,,,,,,,,,,,,,,,,,,,,,,,,,,,,,,,,,,,,,,,,,,,,,,,,,,,,,,,,,,,,,,,,,,,,,,,,,,,,,,,,,,,,,,,,,,,
2025-05-14 14:53:28,2025-05-14 14:53:45,1,,100,17,1,2025-05-14 14:53:46,R_6LFgnsyH0968ZBR,,,,,40.7616,-72.8508,preview,EN,1,1,1,2,,,,,,,,,,,,,,,,,,,,,,,,,,,,,,,,,,,,,,,,,,,,,,,,,,,,,,,,,,,,,,,,,,,,,,,,,,,,,,,,,,,,,,,,,,,,,,,,,,,,,,,,,,,,,,,,,,,,,,,,,
2025-05-14 14:53:52,2025-05-14 14:53:59,1,,100,6,1,2025-05-14 14:53:59,R_6v8QsehXAOXH4Rj,,,,,40.8018,-72.8675,preview,EN,1,2,,,,,,,,,,,,,,,,,,,,,,,,,,,,,,,,,,,,,,,,,,,,,,,,,,,,,,,,,,,,,,,,,,,,,,,,,,,,,,,,,,,,,,,,,,,,,,,,,,,,,,,,,,,,,,,,,,,,,,,,,,,
2025-05-14 14:56:21,2025-05-14 14:57:21,1,,100,59,1,2025-05-14 14:57:21,R_55HBSkgBM0rrLod,,,,,40.7279,-73.5118,preview,EN,,,2,,,,,,,,,,,,,,,,,,,,,,,,,,,,,,,,,,,,,,,,,,,,,,,,,,,,,,,,,,,,,,,,,,,,,,,,,,,,,,,,,,,,,,,,,,,,,,,,,,,,,,,,,,,,,,,,,,,,,,,,,,
2025-05-14 14:59:55,2025-05-14 15:00:02,1,,100,6,1,2025-05-14 15:00:11,R_6d4UZ3K66eaykgh,,,,,40.7616,-72.8508,preview,EN,,,,,,,,,,,,,,,,,,,,,,,,,,,,,,,,,,,,,,,,,,,,,,,,,,,,,,,,,,,,,,,,,,,,,,,,,,,,,,,,,,,,,,,,,,,,,,,,,,,,,,,,,,,,,,,,,,,,,,,,,,,,,
2025-05-14 15:18:23,2025-05-14 15:18:31,1,,100,7,1,2025-05-14 15:18:32,R_1giGwMlGzgtdgS2,,,,,40.8549,-73.2157,preview,EN,,,,,,,,,,,,,,,,,,,,,,,,,,,,,,,,,,,,,,,,,,,,,,,,,,,,,,,,,,,,,,,,,,,,,,,,,,,,,,,,,,,,,,,,,,,,,,,,,,,,,,,,,,,,,,,,,,,,,,,,,,,,,
2025-05-21 11:44:34,2025-05-21 11:44:42,1,,100,7,1,2025-05-21 11:44:42,R_1N8pWpNOH80JOei,,,,,40.7601,-73.3498,preview,EN,,,,,,,,,,,,,,,,,,,,,,,,,,,,,,,,,,,,,,,,,,,,,,,,,,,,,,,,,,,,,,,,,,,,,,,,,,,,,,,,,,,,,,,,,,,,,,,,,,,,,,,,,,,,,,,,,,,,,,,,,,,,,
2025-05-21 12:23:27,2025-05-21 12:23:37,1,,100,10,1,2025-05-21 12:23:38,R_6DeTTYI9g361tQd,,,,,40.7616,-72.8508,preview,EN,,,,,,,,,,,,,,,,,,,,,,,,,,,,,,,,,,,,,,,,,,,,,,,,,,,,,,,,,,,,,,,,,,,,,,,,,,,,,,,,,,,,,,,,,,,,,,,,,,,,,,,,,,,,,,,,,,,,,,,,,,,,,
2025-05-21 12:23:42,2025-05-21 12:26:19,1,,100,157,1,2025-05-21 12:26:20,R_6iG1PRxxbNmdNfj,,,,,40.7616,-72.8508,preview,EN,1,1,1,1,2,2,,v,v,2,1,,3,3,,4,,,,,,,2,,,,,,,,,,,,,,,,,,,,,,,,,,,,,,,,,,,,,,,,,,,,,,,,,,,,,,,,,,,,,,,,,,,,,,,,,,,,,,,,,,,,,,,,,,,,,,,,,,,,,,
2025-05-22 03:23:02,2025-05-22 03:23:15,1,,100,13,1,2025-05-22 03:23:16,R_1cA5mjKN615AXgd,,,,,40.7244,-73.6484,preview,EN,,,,,,,,,,,,,,,,,,,,,,,,,,,,,,,,,,,,,,,,,,,,,,,,,,,,,,,,,,,,,,,,,,,,,,,,,,,,,,,,,,,,,,,,,,,,,,,,,,,,,,,,,,,,,,,,,,,,,,,,,,,,,
2025-05-22 19:45:32,2025-05-22 20:01:56,1,,100,984,1,2025-05-22 20:01:57,R_145yJeHiDKz5hvY,,,,,37.2567,-93.2944,preview,EN,2,,,,,,,,,,,,,,,,,,,,,,,,,,,,,,,,,,,,,,,,,,,,,,,,,,,,,,,,,,,,,,,,,,,,,,,,,,,,,,,,,,,,,,,,,,,,,,,,,,,,,,,,,,,,,,,,,,,,,,,,,,,,
2025-05-22 20:03:34,2025-05-22 20:07:36,1,,100,241,1,2025-05-22 20:07:36,R_1OrRLlutDF36j5d,,,,,37.2567,-93.2944,preview,EN,1,1,1,,,,,,,,,,,,,,,,,,,,,,,,,,,,,,,,,,,,,,,,,,,,,,,,,,,,,,,,,,,,,,,,,,,,,,,,,,,,,,,,,,,,,,,,,,,,,,,,,,,,,,,,,,,,,,,,,,,,,,,,,,
2025-05-22 20:07:45,2025-05-22 20:08:02,1,,100,16,1,2025-05-22 20:08:02,R_1cUHwernDPsBWlr,,,,,37.2567,-93.2944,preview,EN,1,1,1,2,,,,,,,,,,,,,,,,,,,,,,,,,,,,,,,,,,,,,,,,,,,,,,,,,,,,,,,,,,,,,,,,,,,,,,,,,,,,,,,,,,,,,,,,,,,,,,,,,,,,,,,,,,,,,,,,,,,,,,,,,
2025-05-22 20:08:14,2025-05-22 20:40:23,1,,100,1928,1,2025-05-22 20:40:24,R_1FsnUFwdLWPbwWG,,,,,37.2567,-93.2944,preview,EN,1,1,1,1,,,,,,2,1,,,,,,,,,,,,,,,,,,,,,,,,,,,,,,,,,,,,,,,,,,,,,,,,,,,,,,,,,,,,,,,,,,,,,,,,,,,,,,,,,,,,,,,,,,,,,,,,,,,,,,,,,,,,,,,,,,
2025-05-23 06:53:41,2025-05-23 06:56:26,1,,100,165,1,2025-05-23 06:56:27,R_1f9WrShY9Vt3rON,,,,,40.8768,-73.3246,preview,EN,1,1,1,1,,,,,,,,,,,,,,,,,,,,,,,,,,,,,,,,,,,,,,,,,,,,,,,,,,,,,,,,,,,,,,,,,,,,,,,,,,,,,,,,,,,,,,,,,,,,,,,,,,,,,,,,,,,,,,,,,,,,,,,,,
2025-05-26 08:36:11,2025-05-26 08:36:50,1,,100,38,1,2025-05-26 08:36:50,R_62F7EBSXM3tG2pL,,,,,40.8018,-72.8675,preview,EN,,2,,,,,,,,,,,,,,,,,,,,,,,,,,,,,,,,,,,,,,,,,,,,,,,,,,,,,,,,,,,,,,,,,,,,,,,,,,,,,,,,,,,,,,,,,,,,,,,,,,,,,,,,,,,,,,,,,,,,,,,,,,,
2025-05-26 08:41:07,2025-05-26 08:41:16,1,,100,8,1,2025-05-26 08:41:16,R_53eKPmzbRuAbZap,,,,,40.8018,-72.8675,preview,EN,,2,,,,,,,,,,,,,,,,,,,,,,,,,,,,,,,,,,,,,,,,,,,,,,,,,,,,,,,,,,,,,,,,,,,,,,,,,,,,,,,,,,,,,,,,,,,,,,,,,,,,,,,,,,,,,,,,,,,,,,,,,,,
2025-05-26 08:42:49,2025-05-26 08:42:57,1,,100,8,1,2025-05-26 08:42:58,R_6a97yipkobmDeYz,,,,,40.8018,-72.8675,preview,EN,,2,,,,,,,,,,,,,,,,,,,,,,,,,,,,,,,,,,,,,,,,,,,,,,,,,,,,,,,,,,,,,,,,,,,,,,,,,,,,,,,,,,,,,,,,,,,,,,,,,,,,,,,,,,,,,,,,,,,,,,,,,,,
2025-05-26 08:44:34,2025-05-26 08:44:41,1,,100,7,1,2025-05-26 08:44:42,R_6sXaEuwmhLsAcEK,,,,,40.8018,-72.8675,preview,EN,,2,,,,,,,,,,,,,,,,,,,,,,,,,,,,,,,,,,,,,,,,,,,,,,,,,,,,,,,,,,,,,,,,,,,,,,,,,,,,,,,,,,,,,,,,,,,,,,,,,,,,,,,,,,,,,,,,,,,,,,,,,,,
2025-05-26 08:46:02,2025-05-26 08:46:10,1,,100,7,1,2025-05-26 08:46:10,R_7R3DIME81nZZCWG,,,,,40.8018,-72.8675,preview,EN,,2,,,,,,,,,,,,,,,,,,,,,,,,,,,,,,,,,,,,,,,,,,,,,,,,,,,,,,,,,,,,,,,,,,,,,,,,,,,,,,,,,,,,,,,,,,,,,,,,,,,,,,,,,,,,,,,,,,,,,,,,,,,
2025-05-26 08:46:13,2025-05-26 08:46:22,1,,100,8,1,2025-05-26 08:46:22,R_7eWhsMLIzCYkAB5,,,,,40.8018,-72.8675,preview,EN,,1,2,,,,,,,,,,,,,,,,,,,,,,,,,,,,,,,,,,,,,,,,,,,,,,,,,,,,,,,,,,,,,,,,,,,,,,,,,,,,,,,,,,,,,,,,,,,,,,,,,,,,,,,,,,,,,,,,,,,,,,,,,,
2025-05-26 08:51:45,2025-05-26 08:51:54,1,,100,9,1,2025-05-26 08:51:55,R_7cTXLHnDS6uVGIb,,,,,40.8018,-72.8675,preview,EN,,2,,,,,,,,,,,,,,,,,,,,,,,,,,,,,,,,,,,,,,,,,,,,,,,,,,,,,,,,,,,,,,,,,,,,,,,,,,,,,,,,,,,,,,,,,,,,,,,,,,,,,,,,,,,,,,,,,,,,,,,,,,,
2025-05-26 13:05:54,2025-05-26 13:06:04,1,,100,10,1,2025-05-26 13:06:05,R_72nikUEYrSDql5C,,,,,40.8018,-72.8675,preview,EN,,2,,,,,,,,,,,,,,,,,,,,,,,,,,,,,,,,,,,,,,,,,,,,,,,,,,,,,,,,,,,,,,,,,,,,,,,,,,,,,,,,,,,,,,,,,,,,,,,,,,,,,,,,,,,,,,,,,,,,,,,,,,,
2025-05-27 16:40:09,2025-05-27 16:40:15,1,,100,6,1,2025-05-27 16:40:16,R_5LkiAlgVIuKjoZa,,,,,40.8018,-72.8675,preview,EN,,2,,,,,,,,,,,,,,,,,,,,,,,,,,,,,,,,,,,,,,,,,,,,,,,,,,,,,,,,,,,,,,,,,,,,,,,,,,,,,,,,,,,,,,,,,,,,,,,,,,,,,,,,,,,,,,,,,,,,,,,,,,,
2025-05-27 16:51:28,2025-05-27 16:51:48,1,,100,19,1,2025-05-27 16:51:48,R_5f90Cwy53IWplt3,,,,,40.8018,-72.8675,preview,EN,,2,,,,,,,,,,,,,,,,,,,,,,,,,,,,,,,,,,,,,,,,,,,,,,,,,,,,,,,,,,,,,,,,,,,,,,,,,,,,,,,,,,,,,,,,,,,,,,,,,,,,,,,,,,,,,,,,,,,,,,,,,,,
2025-05-27 16:52:53,2025-05-27 16:53:01,1,,100,7,1,2025-05-27 16:53:01,R_525vkGEzW2DXtN1,,,,,40.8018,-72.8675,preview,EN,,2,,,,,,,,,,,,,,,,,,,,,,,,,,,,,,,,,,,,,,,,,,,,,,,,,,,,,,,,,,,,,,,,,,,,,,,,,,,,,,,,,,,,,,,,,,,,,,,,,,,,,,,,,,,,,,,,,,,,,,,,,,,
2025-05-27 17:11:14,2025-05-27 17:11:26,1,,100,11,1,2025-05-27 17:11:26,R_5je1zql8NliJDDZ,,,,,40.8018,-72.8675,preview,EN,,2,2,,,,,,,,,,,,,,,,,,,,,,,,,,,,,,,,,,,,,,,,,,,,,,,,,,,,,,,,,,,,,,,,,,,,,,,,,,,,,,,,,,,,,,,,,,,,,,,,,,,,,,,,,,,,,,,,,,,,,,,,,,
2025-05-27 17:12:49,2025-05-27 17:12:59,1,,100,10,1,2025-05-27 17:13:00,R_5D1EOjvWYcORSXu,,,,,40.8018,-72.8675,preview,EN,,2,2,,,,,,,,,,,,,,,,,,,,,,,,,,,,,,,,,,,,,,,,,,,,,,,,,,,,,,,,,,,,,,,,,,,,,,,,,,,,,,,,,,,,,,,,,,,,,,,,,,,,,,,,,,,,,,,,,,,,,,,,,,
2025-05-27 17:22:49,2025-05-27 17:25:42,1,,100,173,1,2025-05-27 17:25:43,R_1lyMGiLCXauW9h2,,,,,40.9271,-72.6509,preview,EN,,2,1,2,,,,,,,,,,,,,,,,,,,,,,,,,,,,,,,,,,,,,,,,,,,,,,,,,,,,,,,,,,,,,,,,,,,,,,,,,,,,,,,,,,,,,,,,,,,,,,,,,,,,,,,,,,,,,,,,,,,,,,,,,
2025-05-27 17:56:09,2025-05-27 17:56:23,1,,100,14,1,2025-05-27 17:56:24,R_5dp8R8CG4gBELmw,,,,,40.8018,-72.8675,preview,EN,,2,2,2,,,,,,,,,,,,,,,,,,,,,,,,,,,,,,,,,,,,,,,,,,,,,,,,,,,,,,,,,,,,,,,,,,,,,,,,,,,,,,,,,,,,,,,,,,,,,,,,,,,,,,,,,,,,,,,,,,,,,,,,,
2025-05-27 17:57:09,2025-05-27 17:57:28,1,,100,18,1,2025-05-27 17:57:28,R_5RsaobmpzeJfXJ9,,,,,40.8018,-72.8675,preview,EN,2,2,2,2,,,,,,,,,,,,,,,,,,,,,,,,,,,,,,,,,,,,,,,,,,,,,,,,,,,,,,,,,,,,,,,,,,,,,,,,,,,,,,,,,,,,,,,,,,,,,,,,,,,,,,,,,,,,,,,,,,,,,,,,,
2025-05-27 17:57:56,2025-05-27 17:58:09,1,,100,12,1,2025-05-27 17:58:09,R_5ZE7L8eAA1s99ad,,,,,40.8018,-72.8675,preview,EN,2,2,2,2,,,,,,,,,,,,,,,,,,,,,,,,,,,,,,,,,,,,,,,,,,,,,,,,,,,,,,,,,,,,,,,,,,,,,,,,,,,,,,,,,,,,,,,,,,,,,,,,,,,,,,,,,,,,,,,,,,,,,,,,,
2025-05-27 18:13:03,2025-05-27 18:13:18,1,,100,15,1,2025-05-27 18:13:18,R_5pncAz3pu5Ws9Kq,,,,,40.8018,-72.8675,preview,EN,2,2,2,2,,,,,,,,,,,,,,,,,,,,,,,,,,,,,,,,,,,,,,,,,,,,,,,,,,,,,,,,,,,,,,,,,,,,,,,,,,,,,,,,,,,,,,,,,,,,,,,,,,,,,,,,,,,,,,,,,,,,,,,,,
2025-05-27 18:20:37,2025-05-27 18:20:54,1,,100,16,1,2025-05-27 18:20:54,R_5ON2RLN6BZyRp85,,,,,40.8018,-72.8675,preview,EN,2,2,2,2,,,,,,,,,,,,,,,,,,,,,,,,,,,,,,,,,,,,,,,,,,,,,,,,,,,,,,,,,,,,,,,,,,,,,,,,,,,,,,,,,,,,,,,,,,,,,,,,,,,,,,,,,,,,,,,,,,,,,,,,,
2025-05-27 18:39:21,2025-05-27 18:39:27,1,,100,5,1,2025-05-27 18:39:27,R_5YBpkFnn3dfZaYV,,,,,40.8018,-72.8675,preview,EN,2,,,,,,,,,,,,,,,,,,,,,,,,,,,,,,,,,,,,,,,,,,,,,,,,,,,,,,,,,,,,,,,,,,,,,,,,,,,,,,,,,,,,,,,,,,,,,,,,,,,,,,,,,,,,,,,,,,,,,,,,,,,,
2025-05-27 18:39:39,2025-05-27 18:39:47,1,,100,7,1,2025-05-27 18:39:47,R_57Uv3ijk3SogUCY,,,,,40.8018,-72.8675,preview,EN,1,2,,,,,,,,,,,,,,,,,,,,,,,,,,,,,,,,,,,,,,,,,,,,,,,,,,,,,,,,,,,,,,,,,,,,,,,,,,,,,,,,,,,,,,,,,,,,,,,,,,,,,,,,,,,,,,,,,,,,,,,,,,,
2025-05-27 18:39:50,2025-05-27 18:40:02,1,,100,12,1,2025-05-27 18:40:03,R_5qgAeGKxH49kQsO,,,,,40.8018,-72.8675,preview,EN,1,1,2,,,,,,,,,,,,,,,,,,,,,,,,,,,,,,,,,,,,,,,,,,,,,,,,,,,,,,,,,,,,,,,,,,,,,,,,,,,,,,,,,,,,,,,,,,,,,,,,,,,,,,,,,,,,,,,,,,,,,,,,,,
2025-05-27 18:40:05,2025-05-27 18:40:17,1,,100,12,1,2025-05-27 18:40:17,R_5o6WjaeE402Msnq,,,,,40.8018,-72.8675,preview,EN,1,1,1,2,,,,,,,,,,,,,,,,,,,,,,,,,,,,,,,,,,,,,,,,,,,,,,,,,,,,,,,,,,,,,,,,,,,,,,,,,,,,,,,,,,,,,,,,,,,,,,,,,,,,,,,,,,,,,,,,,,,,,,,,,
2025-05-27 18:49:08,2025-05-27 18:49:12,0,174.216.213.67,100,4,1,2025-05-27 18:49:13,R_6sSTwKgchHUiupr,,,,,40.6462,-73.9559,qr,EN,,2,,,,,,,,,,,,,,,,,,,,,,,,,,,,,,,,,,,,,,,,,,,,,,,,,,,,,,,,,,,,,,,,,,,,,,,,,,,,,,,,,,,,,,,,,,,,,,,,,,,,,,,,,,,,,,,,,,,,,,,,,,,
2025-05-27 18:50:02,2025-05-27 18:50:09,1,,100,6,1,2025-05-27 18:50:09,R_5cwHPvqzEsvfmos,,,,,40.8018,-72.8675,preview,EN,2,,,,,,,,,,,,,,,,,,,,,,,,,,,,,,,,,,,,,,,,,,,,,,,,,,,,,,,,,,,,,,,,,,,,,,,,,,,,,,,,,,,,,,,,,,,,,,,,,,,,,,,,,,,,,,,,,,,,,,,,,,,,
2025-05-27 18:50:32,2025-05-27 18:50:44,0,104.28.58.11,100,12,1,2025-05-27 18:50:44,R_5jXrxTvP1KE9e8N,,,,,40.7793,-72.9154,qr,EN,,2,,,,,,,,,,,,,,,,,,,,,,,,,,,,,,,,,,,,,,,,,,,,,,,,,,,,,,,,,,,,,,,,,,,,,,,,,,,,,,,,,,,,,,,,,,,,,,,,,,,,,,,,,,,,,,,,,,,,,,,,,,,
2025-05-27 18:51:13,2025-05-27 18:51:16,0,174.216.213.67,100,3,1,2025-05-27 18:51:17,R_3yPQGmRac3CCgDf,,,,,40.6462,-73.9559,qr,EN,,2,,,,,,,,,,,,,,,,,,,,,,,,,,,,,,,,,,,,,,,,,,,,,,,,,,,,,,,,,,,,,,,,,,,,,,,,,,,,,,,,,,,,,,,,,,,,,,,,,,,,,,,,,,,,,,,,,,,,,,,,,,,
2025-05-27 18:51:05,2025-05-27 18:51:20,1,,100,14,1,2025-05-27 18:51:21,R_51dwx3ffHhjhjjL,,,,,40.8018,-72.8675,preview,EN,2,,,,,,,,,,,,,,,,,,,,,,,,,,,,,,,,,,,,,,,,,,,,,,,,,,,,,,,,,,,,,,,,,,,,,,,,,,,,,,,,,,,,,,,,,,,,,,,,,,,,,,,,,,,,,,,,,,,,,,,,,,,,
2025-05-27 18:51:24,2025-05-27 18:51:39,1,,100,15,1,2025-05-27 18:51:40,R_50cPIwKdDwBqfOn,,,,,40.8018,-72.8675,preview,EN,1,2,,,,,,,,,,,,,,,,,,,,,,,,,,,,,,,,,,,,,,,,,,,,,,,,,,,,,,,,,,,,,,,,,,,,,,,,,,,,,,,,,,,,,,,,,,,,,,,,,,,,,,,,,,,,,,,,,,,,,,,,,,,
2025-05-27 18:51:18,2025-05-27 18:52:18,0,174.216.213.67,100,59,1,2025-05-27 18:52:18,R_57yakaLA8L7dAaR,,,,,40.6462,-73.9559,qr,EN,,1,1,2,,,,,,,,,,,,,,,,,,,,,,,,,,,,,,,,,,,,,,,,,,,,,,,,,,,,,,,,,,,,,,,,,,,,,,,,,,,,,,,,,,,,,,,,,,,,,,,,,,,,,,,,,,,,,,,,,,,,,,,,,
2025-05-27 18:54:54,2025-05-27 18:54:58,0,172.226.196.75,100,3,1,2025-05-27 18:54:58,R_5MbAYCgWUDx8xFV,,,,,41.3078,-72.9255,qr,EN,2,,,,,,,,,,,,,,,,,,,,,,,,,,,,,,,,,,,,,,,,,,,,,,,,,,,,,,,,,,,,,,,,,,,,,,,,,,,,,,,,,,,,,,,,,,,,,,,,,,,,,,,,,,,,,,,,,,,,,,,,,,,,
2025-05-27 18:55:45,2025-05-27 18:55:48,0,104.28.58.11,100,3,1,2025-05-27 18:55:48,R_5UedQeKvALQTEZ3,,,,,40.7793,-72.9154,qr,EN,2,,,,,,,,,,,,,,,,,,,,,,,,,,,,,,,,,,,,,,,,,,,,,,,,,,,,,,,,,,,,,,,,,,,,,,,,,,,,,,,,,,,,,,,,,,,,,,,,,,,,,,,,,,,,,,,,,,,,,,,,,,,,
2025-05-27 18:56:20,2025-05-27 18:56:25,0,174.216.213.67,100,4,1,2025-05-27 18:56:26,R_5b39NfgXy6ruPrX,,,,,40.6462,-73.9559,qr,EN,1,2,,,,,,,,,,,,,,,,,,,,,,,,,,,,,,,,,,,,,,,,,,,,,,,,,,,,,,,,,,,,,,,,,,,,,,,,,,,,,,,,,,,,,,,,,,,,,,,,,,,,,,,,,,,,,,,,,,,,,,,,,,,
2025-06-06 09:15:29,2025-06-06 09:15:31,0,47.20.66.22,2,2,0,2025-06-13 09:15:32,R_14cu9ddYUxo8TKE,,,,,41.0622,-72.331,qr,EN,,,,,,,,,,,,,,,,,,,,,,,,,,,,,,,,,,,,,,,,,,,,,,,,,,,,,,,,,,,,,,,,,,,,,,,,,,,,,,,,,,,,,,,,,,,,,,,,,,,,,,,,,,,,,,,,,,,,,,,,,,,,,
2025-09-03 11:55:09,2025-09-03 11:55:52,0,47.19.7.246,37,43,0,2025-09-10 11:55:54,R_1ZIHo9UWQahKkQp,,,,,40.8687,-73.0015,qr,EN,1,1,1,1,,,,,,,,,,,,,,,,,,,,,,,,,,,,,,,,,,,,,,,,,,,,,,,,,,,,,,,,,,,,,,,,,,,,,,,,,,,,,,,,,,,,,,,,,,,,,,,,,,,,,,,,,,,,,,,,,,,,,,,,,
2025-09-10 14:24:59,2025-09-10 14:25:04,0,68.194.192.74,2,4,0,2025-09-17 14:25:06,R_6NgY6HSs0137Vsd,,,,,40.7616,-72.8508,qr,EN,,,,,,,,,,,,,,,,,,,,,,,,,,,,,,,,,,,,,,,,,,,,,,,,,,,,,,,,,,,,,,,,,,,,,,,,,,,,,,,,,,,,,,,,,,,,,,,,,,,,,,,,,,,,,,,,,,,,,,,,,,,,,
2025-09-10 14:25:23,2025-09-10 14:25:31,0,74.101.105.22,6,8,0,2025-09-17 14:25:34,R_6LeamhwPQePZAPZ,,,,,40.7279,-73.5118,qr,EN,1,1,,,,,,,,,,,,,,,,,,,,,,,,,,,,,,,,,,,,,,,,,,,,,,,,,,,,,,,,,,,,,,,,,,,,,,,,,,,,,,,,,,,,,,,,,,,,,,,,,,,,,,,,,,,,,,,,,,,,,,,,,,,
2025-10-09 15:18:19,2025-10-09 15:18:27,1,,100,8,1,2025-10-09 15:18:28,R_7j6uP2ZMH3E6GBj,,,,,40.7329,-73.7182,preview,EN,,,,,,,,,,,,,,,,,,,,,,,,,,,,,,,,,,,,,,,,,,,,,,,,,,,,,,,,,,,,,,,,,,,,,,,,,,,,,,,,,,,,,,,,,,,,,,,,,,,,,,,,,,,,,,,,,,,,,,,,,,,,,
2025-10-20 19:11:50,2025-10-20 19:11:56,0,68.194.192.74,100,5,1,2025-10-20 19:11:57,R_5o6BUayZ5Wltg5w,,,,,40.7616,-72.8508,qr,EN,,,,,,,,,,,,,,,,,,,,,,,,,,,,,,,,,,,,,,,,,,,,,,,,,,,,,,,,,,,,,,,,,,,,,,,,,,,,,,,,,,,,,,,,,,,,,,,,,,,,,,,,,,,,,,,,,,,,,,,,,,,,,
2025-10-21 13:28:33,2025-10-21 13:33:24,0,47.21.79.94,100,291,1,2025-10-21 13:33:25,R_5Jz1NSl8n1AVrZQ,,,,,40.7746,-73.4761,qr,EN,1,1,1,1,2,1,,new york,2014,2,1,11,"2,1","4,2,1",,"4,2,1",,,11,2,2,,1,4,,2,2,3,3,4,3,2,2,3,3,1,1,1,1,1,1,1,1,1,1,1,1,2,4,4,4,3,2,3,3,3,3,3,3,3,3,3,3,3,3,3,3,3,3,3,3,3,3,3,3,3,3,3,3,3,3,4,4,4,4,4,4,4,4,4,4,4,4,4,5,5,5,5,5,3,3,3,3,5,5,4,4,4,4,4,4,4,3,4,4,4,4,4,4,4,4,4,4,4,
2025-10-22 05:14:14,2025-10-22 05:21:44,0,75.214.116.111,100,450,1,2025-10-22 05:21:45,R_3s0zReLUhk6cHYu,,,,,40.6643,-73.9763,qr,EN,1,1,1,1,2,1,,NYS,2013,2,1,12,1,"5,4,2",,4,,,,,,,2,"2,5,4,6,7,3,1,8","ASD, ADHD, Ethics",2,4,4,5,4,4,4,4,4,4,1,1,1,1,1,1,1,1,1,1,1,1,2,2,2,2,4,3,2,2,2,2,3,3,3,3,3,3,3,3,4,4,4,4,4,4,4,4,3,3,3,3,3,3,3,3,3,3,3,3,3,3,3,3,3,3,3,3,3,4,4,4,4,4,2,2,1,2,5,5,5,5,5,5,5,4,4,5,3,3,3,3,2,3,4,4,4,4,"4,3,1,2,6",
2025-10-22 14:06:44,2025-10-22 14:13:39,0,108.41.33.3,100,415,1,2025-10-22 14:13:39,R_1wKuMKprrLgjjUb,,,,,40.9426,-73.1116,qr,EN,1,1,1,1,2,1,,NY,2009,2,1,15,"2,1","5,4,2",,4,,,,,,,2,"2,5,4,7,3,1",,1,2,2,5,5,5,5,5,5,4,1,1,1,1,1,1,1,1,1,1,1,1,2,4,3,4,3,2,2,1,1,1,2,2,3,3,3,2,3,3,5,5,5,5,5,5,5,5,2,2,3,3,3,2,3,3,5,5,5,5,5,5,5,5,2,2,2,2,2,4,4,4,4,4,2,2,1,2,4,5,3,5,5,5,5,4,4,5,3,2,5,3,3,4,5,5,5,5,"4,3,1,2,5,6",
2025-10-22 14:18:09,2025-10-22 14:24:19,0,108.41.33.3,100,369,1,2025-10-22 14:24:19,R_5tDtmOInDZz9unl,,,,,40.9426,-73.1116,qr,EN,1,1,1,1,2,1,,NY,2016,2,1,9+,"2,1","3,5,4,2",,"3,4,2","3 months (2016) ",,9+  years,3 months (2020),,,1,"2,5,4,7,1,8","AAC, Ethics, Behaviors, Online Learning",1,2,2,5,5,5,5,5,5,5,1,1,1,1,1,1,1,1,1,1,1,1,2,2,2,2,3,2,1,1,1,1,1,1,1,1,1,1,1,1,3,3,3,3,3,3,3,3,2,2,2,2,2,2,2,2,3,3,3,3,3,3,3,3,2,2,2,2,2,3,3,3,3,3,1,1,1,1,5,5,3,3,3,3,3,4,4,5,3,1,3,3,3,3,3,3,3,3,"4,3,1,2,5,6,7",
2025-10-22 16:05:55,2025-10-22 16:14:59,0,174.244.145.121,100,544,1,2025-10-22 16:15:00,R_6DOyFgkhyFtsyE2,,,,,40.6472,-73.9405,qr,EN,1,1,1,1,2,1,,"New York ",2023,2,1,1 year,"2,1",4,,4,,,Ages 1 years to 90 years,,,,2,8,Have not completed any yet,1,2,2,5,5,5,5,5,5,5,2,1,1,1,5,1,1,1,1,1,1,1,2,2,2,2,3,2,1,1,1,1,2,1,1,1,1,1,1,1,4,4,4,4,4,4,4,4,2,2,2,2,2,2,2,2,4,4,4,4,4,4,4,4,3,3,3,2,3,1,1,4,4,4,1,2,2,2,5,5,2,2,2,2,2,2,1,5,1,2,1,1,1,1,2,2,1,1,"4,3,1,2,5,6",
2025-10-23 03:32:23,2025-10-23 03:45:50,0,72.89.246.164,100,807,1,2025-10-23 03:45:51,R_5KAYHUyzB5bFUPL,,,,,40.8453,-73.2916,qr,EN,1,1,1,1,2,1,,NY,2017,2,1,7,"2,1","3,5,2",,4,,,,,,,1,"7,1",,1,1,2,2,4,4,4,4,4,2,1,1,1,1,1,1,1,1,1,1,1,1,2,2,2,2,4,2,1,1,1,1,3,2,4,3,2,3,3,3,5,4,5,5,4,5,5,5,3,3,4,4,3,4,4,4,5,4,5,5,5,5,5,5,1,1,1,1,1,3,2,4,4,2,1,1,1,1,5,5,5,3,5,5,3,3,3,5,3,2,5,3,5,3,5,5,5,5,"4,3,2",
2025-10-23 07:35:41,2025-10-23 07:52:50,0,64.238.128.41,100,1028,1,2025-10-23 07:52:50,R_1CPy8CZxlLD13M6,,,,,40.871,-73.051,qr,EN,1,1,1,1,2,1,,New York,2016,2,1,9 years,"2,1","3,5,4,2",,"4,2",,,part time,full time,,,1,"2,5,4,7,1",,2,4,2,3,5,5,5,5,5,3,3,2,2,1,1,1,1,1,1,1,1,1,3,3,3,4,3,2,2,2,2,2,4,3,5,4,3,3,5,5,5,5,5,5,5,5,5,5,4,4,4,4,4,4,4,4,4,4,4,4,4,4,4,4,3,3,3,3,3,3,3,3,3,3,2,2,3,2,5,5,5,5,5,5,4,5,5,4,5,4,5,5,5,5,5,5,5,5,"2,6",
2025-10-27 14:17:46,2025-10-27 14:22:46,0,129.49.101.30,100,300,1,2025-10-27 14:22:47,R_7qEsfBgqFfwOckp,,,,,40.9076,-73.122,qr,EN,1,1,1,1,2,1,,New York,2022,2,1,2,1,"4,2",,"4,2",,,1 year,2 years,,,1,"5,7,1",,1,2,3,5,5,5,4,5,5,4,2,4,3,4,5,1,1,4,1,3,5,1,2,2,2,2,3,3,3,3,2,2,1,1,4,4,1,1,1,1,1,1,1,1,1,1,1,1,1,1,1,1,1,1,1,1,1,1,1,1,1,1,1,1,2,2,2,2,2,1,1,1,1,1,2,2,1,2,4,4,4,1,4,4,1,3,3,3,3,3,2,1,2,2,3,3,3,3,"3,2,5,6",
2025-10-20 19:12:01,2025-10-20 19:12:03,0,68.194.192.74,2,2,0,2025-10-27 19:12:07,R_10vDASryaNaHSz0,,,,,40.7616,-72.8508,qr,EN,,,,,,,,,,,,,,,,,,,,,,,,,,,,,,,,,,,,,,,,,,,,,,,,,,,,,,,,,,,,,,,,,,,,,,,,,,,,,,,,,,,,,,,,,,,,,,,,,,,,,,,,,,,,,,,,,,,,,,,,,,,,,
2025-10-21 14:53:31,2025-10-21 14:54:01,0,74.89.65.48,10,30,0,2025-10-28 14:54:07,R_5fipF77YuVW2zqF,,,,,41.0551,-72.4278,qr,EN,1,1,1,1,,,,,,,,,,,,,,,,,,,,,,,,,,,,,,,,,,,,,,,,,,,,,,,,,,,,,,,,,,,,,,,,,,,,,,,,,,,,,,,,,,,,,,,,,,,,,,,,,,,,,,,,,,,,,,,,,,,,,,,,,
2025-10-23 07:54:25,2025-10-23 07:56:16,0,174.234.124.27,21,111,0,2025-10-30 07:56:26,R_1LGbybhgauOfsZO,,,,,42.7008,-73.8601,qr,EN,1,1,1,1,2,2,,NY,2021,2,1,,,,,,,,,,,,,,,,,,,,,,,,,,,,,,,,,,,,,,,,,,,,,,,,,,,,,,,,,,,,,,,,,,,,,,,,,,,,,,,,,,,,,,,,,,,,,,,,,,,,,,,,,,,,,,,,,,
2025-10-31 09:10:26,2025-10-31 09:10:26,2,,100,0,1,2025-10-31 09:10:26,R_78PJ8f0s7AMfBOu,,,,,,,test,,,2,,,,,,,,,,,,,,,,,,,,,,,,,,,,,,,,,,,,,,,,,,,,,,,,,,,,,,,,,,,,,,,,,,,,,,,,,,,,,,,,,,,,,,,,,,,,,,,,,,,,,,,,,,,,,,,,,,,,,,,,,,,
2025-10-31 09:10:26,2025-10-31 09:10:26,2,,100,0,1,2025-10-31 09:10:26,R_79Db6lmHhlE68x8,,,,,,,test,,,2,,,,,,,,,,,,,,,,,,,,,,,,,,,,,,,,,,,,,,,,,,,,,,,,,,,,,,,,,,,,,,,,,,,,,,,,,,,,,,,,,,,,,,,,,,,,,,,,,,,,,,,,,,,,,,,,,,,,,,,,,,,
2025-10-31 09:10:26,2025-10-31 09:10:26,2,,100,0,1,2025-10-31 09:10:26,R_24vyyPFrAXM6nu6,,,,,,,test,,1,1,1,2,,,,,,,,,,,,,,,,,,,,,,,,,,,,,,,,,,,,,,,,,,,,,,,,,,,,,,,,,,,,,,,,,,,,,,,,,,,,,,,,,,,,,,,,,,,,,,,,,,,,,,,,,,,,,,,,,,,,,,,,,
2025-10-31 09:10:26,2025-10-31 09:10:26,2,,100,0,1,2025-10-31 09:10:26,R_4NPDQ04OF9zaxBs,,,,,,,test,,1,1,1,,,,,,,,,,,,,,,,,,,,,,,,,,,,,,,,,,,,,,,,,,,,,,,,,,,,,,,,,,,,,,,,,,,,,,,,,,,,,,,,,,,,,,,,,,,,,,,,,,,,,,,,,,,,,,,,,,,,,,,,,,
2025-10-31 09:10:27,2025-10-31 09:10:27,2,,100,0,1,2025-10-31 09:10:27,R_aXAV36Bg7nQDn1k,,,,,,,test,,2,,,,,,,,,,,,,,,,,,,,,,,,,,,,,,,,,,,,,,,,,,,,,,,,,,,,,,,,,,,,,,,,,,,,,,,,,,,,,,,,,,,,,,,,,,,,,,,,,,,,,,,,,,,,,,,,,,,,,,,,,,,,
2025-10-31 09:10:27,2025-10-31 09:10:27,2,,100,0,1,2025-10-31 09:10:27,R_eg3jMgu7ySOBpNs,,,,,,,test,,,2,,,,,,,,,,,,,,,,,,,,,,,,,,,,,,,,,,,,,,,,,,,,,,,,,,,,,,,,,,,,,,,,,,,,,,,,,,,,,,,,,,,,,,,,,,,,,,,,,,,,,,,,,,,,,,,,,,,,,,,,,,,
2025-10-31 09:10:27,2025-10-31 09:10:27,2,,100,0,1,2025-10-31 09:10:27,R_3J0A8p0Lu6xSeYS,,,,,,,test,,1,2,,,,,,,,,,,,,,,,,,,,,,,,,,,,,,,,,,,,,,,,,,,,,,,,,,,,,,,,,,,,,,,,,,,,,,,,,,,,,,,,,,,,,,,,,,,,,,,,,,,,,,,,,,,,,,,,,,,,,,,,,,,
2025-10-31 09:10:27,2025-10-31 09:10:27,2,,100,0,1,2025-10-31 09:10:27,R_0dLzCxYIoGHI1v0,,,,,,,test,,1,,2,,,,,,,,,,,,,,,,,,,,,,,,,,,,,,,,,,,,,,,,,,,,,,,,,,,,,,,,,,,,,,,,,,,,,,,,,,,,,,,,,,,,,,,,,,,,,,,,,,,,,,,,,,,,,,,,,,,,,,,,,,
2025-10-31 09:10:27,2025-10-31 09:10:27,2,,100,0,1,2025-10-31 09:10:28,R_7PpQs5aQvIxthAO,,,,,,,test,,,,,,,,,,,,,,,,,,,,,,,,,,,,,,,,,,,,,,,,,,,,,,,,,,,,,,,,,,,,,,,,,,,,,,,,,,,,,,,,,,,,,,,,,,,,,,,,,,,,,,,,,,,,,,,,,,,,,,,,,,,,,,
2025-10-31 09:10:28,2025-10-31 09:10:28,2,,100,0,1,2025-10-31 09:10:28,R_6RwhWLWEJiuAgHI,,,,,,,test,,,,,,,,,,,,,,,,,,,,,,,,,,,,,,,,,,,,,,,,,,,,,,,,,,,,,,,,,,,,,,,,,,,,,,,,,,,,,,,,,,,,,,,,,,,,,,,,,,,,,,,,,,,,,,,,,,,,,,,,,,,,,,
2025-10-31 09:10:28,2025-10-31 09:10:28,2,,100,0,1,2025-10-31 09:10:28,R_cGPeIGhUPMlvrW6,,,,,,,test,,2,,,,,,,,,,,,,,,,,,,,,,,,,,,,,,,,,,,,,,,,,,,,,,,,,,,,,,,,,,,,,,,,,,,,,,,,,,,,,,,,,,,,,,,,,,,,,,,,,,,,,,,,,,,,,,,,,,,,,,,,,,,,
2025-10-31 09:10:28,2025-10-31 09:10:28,2,,100,0,1,2025-10-31 09:10:28,R_bddautriVcITTgi,,,,,,,test,,1,1,2,,,,,,,,,,,,,,,,,,,,,,,,,,,,,,,,,,,,,,,,,,,,,,,,,,,,,,,,,,,,,,,,,,,,,,,,,,,,,,,,,,,,,,,,,,,,,,,,,,,,,,,,,,,,,,,,,,,,,,,,,,
2025-10-31 09:10:28,2025-10-31 09:10:28,2,,100,0,1,2025-10-31 09:10:28,R_3kIL8as3BGsRY8u,,,,,,,test,,1,,2,,,,,,,,,,,,,,,,,,,,,,,,,,,,,,,,,,,,,,,,,,,,,,,,,,,,,,,,,,,,,,,,,,,,,,,,,,,,,,,,,,,,,,,,,,,,,,,,,,,,,,,,,,,,,,,,,,,,,,,,,,
2025-10-31 09:10:29,2025-10-31 09:10:29,2,,100,0,1,2025-10-31 09:10:29,R_e4FwOaa7eCPMI3Y,,,,,,,test,,2,,,,,,,,,,,,,,,,,,,,,,,,,,,,,,,,,,,,,,,,,,,,,,,,,,,,,,,,,,,,,,,,,,,,,,,,,,,,,,,,,,,,,,,,,,,,,,,,,,,,,,,,,,,,,,,,,,,,,,,,,,,,
2025-10-31 09:10:29,2025-10-31 09:10:29,2,,100,0,1,2025-10-31 09:10:29,R_e5qcfReyzqwr8Eu,,,,,,,test,,,2,,,,,,,,,,,,,,,,,,,,,,,,,,,,,,,,,,,,,,,,,,,,,,,,,,,,,,,,,,,,,,,,,,,,,,,,,,,,,,,,,,,,,,,,,,,,,,,,,,,,,,,,,,,,,,,,,,,,,,,,,,,
2025-10-31 09:10:29,2025-10-31 09:10:29,2,,100,0,1,2025-10-31 09:10:29,R_3rv7jHRCUDLBGNE,,,,,,,test,,1,1,1,2,,,,,,,,,,,,,,,,,,,,,,,,,,,,,,,,,,,,,,,,,,,,,,,,,,,,,,,,,,,,,,,,,,,,,,,,,,,,,,,,,,,,,,,,,,,,,,,,,,,,,,,,,,,,,,,,,,,,,,,,,
2025-10-31 09:10:29,2025-10-31 09:10:29,2,,100,0,1,2025-10-31 09:10:29,R_3gSxKE0gzzqWGfs,,,,,,,test,,1,1,,2,,,,,,,,,,,,,,,,,,,,,,,,,,,,,,,,,,,,,,,,,,,,,,,,,,,,,,,,,,,,,,,,,,,,,,,,,,,,,,,,,,,,,,,,,,,,,,,,,,,,,,,,,,,,,,,,,,,,,,,,,
2025-10-31 09:10:29,2025-10-31 09:10:29,2,,100,0,1,2025-10-31 09:10:30,R_3lacfxscpZFWiAS,,,,,,,test,,2,,,,,,,,,,,,,,,,,,,,,,,,,,,,,,,,,,,,,,,,,,,,,,,,,,,,,,,,,,,,,,,,,,,,,,,,,,,,,,,,,,,,,,,,,,,,,,,,,,,,,,,,,,,,,,,,,,,,,,,,,,,,
2025-10-31 09:10:30,2025-10-31 09:10:30,2,,100,0,1,2025-10-31 09:10:30,R_8ph38MBsyXeWa58,,,,,,,test,,2,,,,,,,,,,,,,,,,,,,,,,,,,,,,,,,,,,,,,,,,,,,,,,,,,,,,,,,,,,,,,,,,,,,,,,,,,,,,,,,,,,,,,,,,,,,,,,,,,,,,,,,,,,,,,,,,,,,,,,,,,,,,
2025-10-31 09:10:30,2025-10-31 09:10:30,2,,100,0,1,2025-10-31 09:10:30,R_2twI5DYu2IoPASa,,,,,,,test,,1,1,1,1,2,,,Massa! Bibendum sapien tempor platea risus a aenean tincidunt at. Nec nec suspendisse scelerisque venenatis.,"Aliquet praesent vivamus dui, porttitor? Potenti sapien ut proin augue vivamus ligula elementum gravida! Pellentesque.",1,,Et auctor quam donec scelerisque ultricies pede nulla natoque nibh.,2,"3,4,2,6","Natoque? Potenti interdum ab molestie dui felis, neque? Vehicula suspendisse phasellus erat mauris lorem.",5,,Magnis sodales nunc? Elit ultrices neque malesuada sed. Tempora diam aliquam neque. Montes nonummy eleifend.,,,,,2,3,,,2,1,,1,3,,5,,2,3,,,,,,,3,,,2,,3,4,,,1,4,4,4,3,,,3,1,5,,1,5,1,3,5,,4,1,5,5,,,5,,,1,2,2,,3,,4,,,3,,,,4,,3,5,2,,4,5,2,1,3,2,4,2,,,5,,1,,,,3,1,,4,,,,,,1,5,,
2025-10-31 09:10:30,2025-10-31 09:10:30,2,,100,0,1,2025-10-31 09:10:30,R_5beZO82m2G2lfro,,,,,,,test,,1,,,2,,,,,,,,,,,,,,,,,,,,,,,,,,,,,,,,,,,,,,,,,,,,,,,,,,,,,,,,,,,,,,,,,,,,,,,,,,,,,,,,,,,,,,,,,,,,,,,,,,,,,,,,,,,,,,,,,,,,,,,,,
2025-10-31 09:10:30,2025-10-31 09:10:31,2,,100,1,1,2025-10-31 09:10:31,R_8kNet5psvzRs9ro,,,,,,,test,,1,1,1,1,3,4,Montes aliquet in mi? Suspendisse interdum duis suspendisse wisi phasellus convallis.,A risus. Morbi. Natoque maecenas vel rutrum id justo pharetra.,"Facilisi lectus dictumst nec, dapibus. Euismod! Sit ac ante aenean ultricies magna consequat.",1,1,Curabitur maecenas ridiculus cursus turpis? Maecenas ultrices! Ut maecenas ipsum rutrum pretium sem.,,"3,5,4,2,1,6",Proin suscipit praesent scelerisque interdum pharetra convallis. Tincidunt? Eros! Maecenas! Diam gravida.,"3,5,6",Nulla. Temporibus mauris faucibus wisi. Duis magnis sit primis donec.,Nec dolor aliquet ullamcorper lorem elit eros. Quis consectetuer accumsan donec eros.,,,,A tincidunt scelerisque nibh? Volutpat morbi! Luctus ipsum nec suspendisse euismod cursus.,1,"5,6,7,3,1",,,2,1,3,2,2,,,2,1,,5,,,,,5,,2,,,,3,4,1,4,1,,3,,,1,5,,1,3,4,,3,,4,,2,1,,5,2,2,,3,3,3,1,,,2,,5,4,,,2,4,,4,,1,5,1,5,,2,2,,1,1,1,3,1,1,,5,,,,4,5,2,1,4,4,,4,1,1,5,2,1,"4,3,1,2,5,6,7",Primis mauris fusce nibh enim mi. Venenatis? Primis? Amet mauris fusce interdum sodales eros vel.
2025-10-31 09:10:31,2025-10-31 09:10:31,2,,100,0,1,2025-10-31 09:10:31,R_88vcKAICHLLV9L8,,,,,,,test,,2,,,,,,,,,,,,,,,,,,,,,,,,,,,,,,,,,,,,,,,,,,,,,,,,,,,,,,,,,,,,,,,,,,,,,,,,,,,,,,,,,,,,,,,,,,,,,,,,,,,,,,,,,,,,,,,,,,,,,,,,,,,,
2025-10-31 09:10:31,2025-10-31 09:10:31,2,,100,0,1,2025-10-31 09:10:31,R_4VkL5wcl8GQUd6K,,,,,,,test,,1,2,,,,,,,,,,,,,,,,,,,,,,,,,,,,,,,,,,,,,,,,,,,,,,,,,,,,,,,,,,,,,,,,,,,,,,,,,,,,,,,,,,,,,,,,,,,,,,,,,,,,,,,,,,,,,,,,,,,,,,,,,,,
2025-10-31 09:10:31,2025-10-31 09:10:31,2,,100,0,1,2025-10-31 09:10:31,R_diLSFQVSzIpYkKO,,,,,,,test,,2,,,,,,,,,,,,,,,,,,,,,,,,,,,,,,,,,,,,,,,,,,,,,,,,,,,,,,,,,,,,,,,,,,,,,,,,,,,,,,,,,,,,,,,,,,,,,,,,,,,,,,,,,,,,,,,,,,,,,,,,,,,,
2025-10-31 09:10:31,2025-10-31 09:10:31,2,,100,0,1,2025-10-31 09:10:31,R_eyb0ri2bg7h5hnU,,,,,,,test,,,2,,,,,,,,,,,,,,,,,,,,,,,,,,,,,,,,,,,,,,,,,,,,,,,,,,,,,,,,,,,,,,,,,,,,,,,,,,,,,,,,,,,,,,,,,,,,,,,,,,,,,,,,,,,,,,,,,,,,,,,,,,,
2025-10-31 09:10:32,2025-10-31 09:10:32,2,,100,0,1,2025-10-31 09:10:32,R_aa97uXgDp2Kbdm6,,,,,,,test,,,,,,,,,,,,,,,,,,,,,,,,,,,,,,,,,,,,,,,,,,,,,,,,,,,,,,,,,,,,,,,,,,,,,,,,,,,,,,,,,,,,,,,,,,,,,,,,,,,,,,,,,,,,,,,,,,,,,,,,,,,,,,
2025-10-31 09:10:32,2025-10-31 09:10:32,2,,100,0,1,2025-10-31 09:10:32,R_dp49apJkteYTT4W,,,,,,,test,,1,1,2,,,,,,,,,,,,,,,,,,,,,,,,,,,,,,,,,,,,,,,,,,,,,,,,,,,,,,,,,,,,,,,,,,,,,,,,,,,,,,,,,,,,,,,,,,,,,,,,,,,,,,,,,,,,,,,,,,,,,,,,,,
2025-10-31 09:10:32,2025-10-31 09:10:32,2,,100,0,1,2025-10-31 09:10:32,R_beIrgy3aoguhegC,,,,,,,test,,,,2,,,,,,,,,,,,,,,,,,,,,,,,,,,,,,,,,,,,,,,,,,,,,,,,,,,,,,,,,,,,,,,,,,,,,,,,,,,,,,,,,,,,,,,,,,,,,,,,,,,,,,,,,,,,,,,,,,,,,,,,,,
2025-10-31 09:10:32,2025-10-31 09:10:32,2,,100,0,1,2025-10-31 09:10:32,R_6VRODsaJC2YBUTc,,,,,,,test,,,2,,,,,,,,,,,,,,,,,,,,,,,,,,,,,,,,,,,,,,,,,,,,,,,,,,,,,,,,,,,,,,,,,,,,,,,,,,,,,,,,,,,,,,,,,,,,,,,,,,,,,,,,,,,,,,,,,,,,,,,,,,,
